{
  "date": "7月17日 - 7月19日",
  "subjects": [
    {
      "box": 58040000,
      "new": true,
      "rank": 1,
      "subject": {
        "rating": {
          "max": 10,
          "average": 8.2,
          "stars": "45",
          "min": 0
        },
        "genres": [
          "动作",
          "科幻"
        ],
        "collect_count": 2347,
        "casts": [
          {
            "avatars": {
              "small": "http://img4.douban.com/img/celebrity/small/49.jpg",
              "large": "http://img4.douban.com/img/celebrity/large/49.jpg",
              "medium": "http://img4.douban.com/img/celebrity/medium/49.jpg"
            },
            "alt": "http://movie.douban.com/celebrity/1002667/",
            "id": "1002667",
            "name": "保罗·路德"
          },
          {
            "avatars": {
              "small": "http://img3.douban.com/img/celebrity/small/4023.jpg",
              "large": "http://img3.douban.com/img/celebrity/large/4023.jpg",
              "medium": "http://img3.douban.com/img/celebrity/medium/4023.jpg"
            },
            "alt": "http://movie.douban.com/celebrity/1053620/",
            "id": "1053620",
            "name": "迈克尔·道格拉斯"
          },
          {
            "avatars": {
              "small": "http://img4.douban.com/img/celebrity/small/4077.jpg",
              "large": "http://img4.douban.com/img/celebrity/large/4077.jpg",
              "medium": "http://img4.douban.com/img/celebrity/medium/4077.jpg"
            },
            "alt": "http://movie.douban.com/celebrity/1021963/",
            "id": "1021963",
            "name": "伊万杰琳·莉莉"
          }
        ],
        "title": "蚁人",
        "original_title": "Ant-Man",
        "subtype": "movie",
        "directors": [
          {
            "avatars": {
              "small": "http://img3.douban.com/img/celebrity/small/38984.jpg",
              "large": "http://img3.douban.com/img/celebrity/large/38984.jpg",
              "medium": "http://img3.douban.com/img/celebrity/medium/38984.jpg"
            },
            "alt": "http://movie.douban.com/celebrity/1009586/",
            "id": "1009586",
            "name": "佩顿·里德"
          }
        ],
        "year": "2015",
        "images": {
          "small": "http://img3.douban.com/view/movie_poster_cover/ipst/public/p2242302551.jpg",
          "large": "http://img3.douban.com/view/movie_poster_cover/lpst/public/p2242302551.jpg",
          "medium": "http://img3.douban.com/view/movie_poster_cover/spst/public/p2242302551.jpg"
        },
        "alt": "http://movie.douban.com/subject/1866473/",
        "id": "1866473"
      }
    },
    {
      "box": 50200000,
      "new": false,
      "rank": 2,
      "subject": {
        "rating": {
          "max": 10,
          "average": 7.9,
          "stars": "40",
          "min": 0
        },
        "genres": [
          "喜剧",
          "动画"
        ],
        "collect_count": 13279,
        "casts": [
          {
            "avatars": {
              "small": "http://img3.douban.com/img/celebrity/small/6760.jpg",
              "large": "http://img3.douban.com/img/celebrity/large/6760.jpg",
              "medium": "http://img3.douban.com/img/celebrity/medium/6760.jpg"
            },
            "alt": "http://movie.douban.com/celebrity/1022003/",
            "id": "1022003",
            "name": "桑德拉·布洛克"
          },
          {
            "avatars": {
              "small": "http://img3.douban.com/img/celebrity/small/50751.jpg",
              "large": "http://img3.douban.com/img/celebrity/large/50751.jpg",
              "medium": "http://img3.douban.com/img/celebrity/medium/50751.jpg"
            },
            "alt": "http://movie.douban.com/celebrity/1031817/",
            "id": "1031817",
            "name": "乔恩·哈姆"
          },
          {
            "avatars": {
              "small": "http://img4.douban.com/img/celebrity/small/1389806916.36.jpg",
              "large": "http://img4.douban.com/img/celebrity/large/1389806916.36.jpg",
              "medium": "http://img4.douban.com/img/celebrity/medium/1389806916.36.jpg"
            },
            "alt": "http://movie.douban.com/celebrity/1313061/",
            "id": "1313061",
            "name": "皮埃尔·科芬"
          }
        ],
        "title": "小黄人大眼萌",
        "original_title": "Minions",
        "subtype": "movie",
        "directors": [
          {
            "avatars": {
              "small": "http://img3.douban.com/img/celebrity/small/51602.jpg",
              "large": "http://img3.douban.com/img/celebrity/large/51602.jpg",
              "medium": "http://img3.douban.com/img/celebrity/medium/51602.jpg"
            },
            "alt": "http://movie.douban.com/celebrity/1313385/",
            "id": "1313385",
            "name": "凯尔·巴尔达"
          },
          {
            "avatars": {
              "small": "http://img4.douban.com/img/celebrity/small/1389806916.36.jpg",
              "large": "http://img4.douban.com/img/celebrity/large/1389806916.36.jpg",
              "medium": "http://img4.douban.com/img/celebrity/medium/1389806916.36.jpg"
            },
            "alt": "http://movie.douban.com/celebrity/1313061/",
            "id": "1313061",
            "name": "皮埃尔·科芬"
          }
        ],
        "year": "2015",
        "images": {
          "small": "http://img3.douban.com/view/movie_poster_cover/ipst/public/p2252282912.jpg",
          "large": "http://img3.douban.com/view/movie_poster_cover/lpst/public/p2252282912.jpg",
          "medium": "http://img3.douban.com/view/movie_poster_cover/spst/public/p2252282912.jpg"
        },
        "alt": "http://movie.douban.com/subject/11624706/",
        "id": "11624706"
      }
    },
    {
      "box": 30200000,
      "new": true,
      "rank": 3,
      "subject": {
        "rating": {
          "max": 10,
          "average": 7.3,
          "stars": "40",
          "min": 0
        },
        "genres": [
          "喜剧"
        ],
        "collect_count": 132,
        "casts": [
          {
            "avatars": {
              "small": "http://img3.douban.com/img/celebrity/small/43151.jpg",
              "large": "http://img3.douban.com/img/celebrity/large/43151.jpg",
              "medium": "http://img3.douban.com/img/celebrity/medium/43151.jpg"
            },
            "alt": "http://movie.douban.com/celebrity/1318507/",
            "id": "1318507",
            "name": "艾米·舒默"
          },
          {
            "avatars": {
              "small": "http://img4.douban.com/img/celebrity/small/3546.jpg",
              "large": "http://img4.douban.com/img/celebrity/large/3546.jpg",
              "medium": "http://img4.douban.com/img/celebrity/medium/3546.jpg"
            },
            "alt": "http://movie.douban.com/celebrity/1025152/",
            "id": "1025152",
            "name": "蒂尔达·斯文顿"
          },
          {
            "avatars": {
              "small": "http://img4.douban.com/img/celebrity/small/2026.jpg",
              "large": "http://img4.douban.com/img/celebrity/large/2026.jpg",
              "medium": "http://img4.douban.com/img/celebrity/medium/2026.jpg"
            },
            "alt": "http://movie.douban.com/celebrity/1017902/",
            "id": "1017902",
            "name": "比尔·哈德尔"
          }
        ],
        "title": "生活残骸",
        "original_title": "Trainwreck",
        "subtype": "movie",
        "directors": [
          {
            "avatars": {
              "small": "http://img3.douban.com/img/celebrity/small/2000.jpg",
              "large": "http://img3.douban.com/img/celebrity/large/2000.jpg",
              "medium": "http://img3.douban.com/img/celebrity/medium/2000.jpg"
            },
            "alt": "http://movie.douban.com/celebrity/1036351/",
            "id": "1036351",
            "name": "贾德·阿帕图"
          }
        ],
        "year": "2015",
        "images": {
          "small": "http://img3.douban.com/view/movie_poster_cover/ipst/public/p2227213121.jpg",
          "large": "http://img3.douban.com/view/movie_poster_cover/lpst/public/p2227213121.jpg",
          "medium": "http://img3.douban.com/view/movie_poster_cover/spst/public/p2227213121.jpg"
        },
        "alt": "http://movie.douban.com/subject/25821585/",
        "id": "25821585"
      }
    },
    {
      "box": 11660000,
      "new": false,
      "rank": 4,
      "subject": {
        "rating": {
          "max": 10,
          "average": 9.1,
          "stars": "45",
          "min": 0
        },
        "genres": [
          "喜剧",
          "动画",
          "冒险"
        ],
        "collect_count": 5698,
        "casts": [
          {
            "avatars": {
              "small": "http://img4.douban.com/img/celebrity/small/48859.jpg",
              "large": "http://img4.douban.com/img/celebrity/large/48859.jpg",
              "medium": "http://img4.douban.com/img/celebrity/medium/48859.jpg"
            },
            "alt": "http://movie.douban.com/celebrity/1049515/",
            "id": "1049515",
            "name": "艾米·波勒"
          },
          {
            "avatars": {
              "small": "http://img3.douban.com/img/celebrity/small/1436104846.51.jpg",
              "large": "http://img3.douban.com/img/celebrity/large/1436104846.51.jpg",
              "medium": "http://img3.douban.com/img/celebrity/medium/1436104846.51.jpg"
            },
            "alt": "http://movie.douban.com/celebrity/1150089/",
            "id": "1150089",
            "name": "菲利丝·史密斯"
          },
          {
            "avatars": {
              "small": "http://img3.douban.com/img/celebrity/small/24463.jpg",
              "large": "http://img3.douban.com/img/celebrity/large/24463.jpg",
              "medium": "http://img3.douban.com/img/celebrity/medium/24463.jpg"
            },
            "alt": "http://movie.douban.com/celebrity/1041144/",
            "id": "1041144",
            "name": "理查德·坎德"
          }
        ],
        "title": "头脑特工队",
        "original_title": "Inside Out",
        "subtype": "movie",
        "directors": [
          {
            "avatars": {
              "small": "http://img4.douban.com/img/celebrity/small/1288.jpg",
              "large": "http://img4.douban.com/img/celebrity/large/1288.jpg",
              "medium": "http://img4.douban.com/img/celebrity/medium/1288.jpg"
            },
            "alt": "http://movie.douban.com/celebrity/1022803/",
            "id": "1022803",
            "name": "彼特·道格特"
          },
          {
            "avatars": {
              "small": "http://img4.douban.com/img/celebrity/small/1436104684.16.jpg",
              "large": "http://img4.douban.com/img/celebrity/large/1436104684.16.jpg",
              "medium": "http://img4.douban.com/img/celebrity/medium/1436104684.16.jpg"
            },
            "alt": "http://movie.douban.com/celebrity/1282165/",
            "id": "1282165",
            "name": "罗纳尔多·德尔·卡门"
          }
        ],
        "year": "2015",
        "images": {
          "small": "http://img4.douban.com/view/movie_poster_cover/ipst/public/p2231021196.jpg",
          "large": "http://img4.douban.com/view/movie_poster_cover/lpst/public/p2231021196.jpg",
          "medium": "http://img4.douban.com/view/movie_poster_cover/spst/public/p2231021196.jpg"
        },
        "alt": "http://movie.douban.com/subject/10533913/",
        "id": "10533913"
      }
    },
    {
      "box": 11400000,
      "new": false,
      "rank": 5,
      "subject": {
        "rating": {
          "max": 10,
          "average": 7.8,
          "stars": "40",
          "min": 0
        },
        "genres": [
          "动作",
          "科幻",
          "冒险"
        ],
        "collect_count": 142846,
        "casts": [
          {
            "avatars": {
              "small": "http://img3.douban.com/img/celebrity/small/1408271589.94.jpg",
              "large": "http://img3.douban.com/img/celebrity/large/1408271589.94.jpg",
              "medium": "http://img3.douban.com/img/celebrity/medium/1408271589.94.jpg"
            },
            "alt": "http://movie.douban.com/celebrity/1017967/",
            "id": "1017967",
            "name": "克里斯·普拉特"
          },
          {
            "avatars": {
              "small": "http://img3.douban.com/img/celebrity/small/10151.jpg",
              "large": "http://img3.douban.com/img/celebrity/large/10151.jpg",
              "medium": "http://img3.douban.com/img/celebrity/medium/10151.jpg"
            },
            "alt": "http://movie.douban.com/celebrity/1027772/",
            "id": "1027772",
            "name": "布莱丝·达拉斯·霍华德"
          },
          {
            "avatars": {
              "small": "http://img3.douban.com/img/celebrity/small/8194.jpg",
              "large": "http://img3.douban.com/img/celebrity/large/8194.jpg",
              "medium": "http://img3.douban.com/img/celebrity/medium/8194.jpg"
            },
            "alt": "http://movie.douban.com/celebrity/1010546/",
            "id": "1010546",
            "name": "文森特·多诺费奥"
          }
        ],
        "title": "侏罗纪世界",
        "original_title": "Jurassic World",
        "subtype": "movie",
        "directors": [
          {
            "avatars": {
              "small": "http://img4.douban.com/img/celebrity/small/1376412376.8.jpg",
              "large": "http://img4.douban.com/img/celebrity/large/1376412376.8.jpg",
              "medium": "http://img4.douban.com/img/celebrity/medium/1376412376.8.jpg"
            },
            "alt": "http://movie.douban.com/celebrity/1220581/",
            "id": "1220581",
            "name": "科林·特雷沃罗"
          }
        ],
        "year": "2015",
        "images": {
          "small": "http://img3.douban.com/view/movie_poster_cover/ipst/public/p2246217861.jpg",
          "large": "http://img3.douban.com/view/movie_poster_cover/lpst/public/p2246217861.jpg",
          "medium": "http://img3.douban.com/view/movie_poster_cover/spst/public/p2246217861.jpg"
        },
        "alt": "http://movie.douban.com/subject/10440138/",
        "id": "10440138"
      }
    },
    {
      "box": 5400000,
      "new": false,
      "rank": 6,
      "subject": {
        "rating": {
          "max": 10,
          "average": 7.2,
          "stars": "40",
          "min": 0
        },
        "genres": [
          "动作",
          "科幻",
          "惊悚"
        ],
        "collect_count": 3036,
        "casts": [
          {
            "avatars": {
              "small": "http://img4.douban.com/img/celebrity/small/989.jpg",
              "large": "http://img4.douban.com/img/celebrity/large/989.jpg",
              "medium": "http://img4.douban.com/img/celebrity/medium/989.jpg"
            },
            "alt": "http://movie.douban.com/celebrity/1035643/",
            "id": "1035643",
            "name": "阿诺·施瓦辛格"
          },
          {
            "avatars": {
              "small": "http://img4.douban.com/img/celebrity/small/1366635541.39.jpg",
              "large": "http://img4.douban.com/img/celebrity/large/1366635541.39.jpg",
              "medium": "http://img4.douban.com/img/celebrity/medium/1366635541.39.jpg"
            },
            "alt": "http://movie.douban.com/celebrity/1314668/",
            "id": "1314668",
            "name": "艾米莉亚·克拉克"
          },
          {
            "avatars": {
              "small": "http://img4.douban.com/img/celebrity/small/1370958940.97.jpg",
              "large": "http://img4.douban.com/img/celebrity/large/1370958940.97.jpg",
              "medium": "http://img4.douban.com/img/celebrity/medium/1370958940.97.jpg"
            },
            "alt": "http://movie.douban.com/celebrity/1324668/",
            "id": "1324668",
            "name": "杰·科特尼"
          }
        ],
        "title": "终结者：创世纪",
        "original_title": "Terminator Genisys",
        "subtype": "movie",
        "directors": [
          {
            "avatars": {
              "small": "http://img4.douban.com/img/celebrity/small/54586.jpg",
              "large": "http://img4.douban.com/img/celebrity/large/54586.jpg",
              "medium": "http://img4.douban.com/img/celebrity/medium/54586.jpg"
            },
            "alt": "http://movie.douban.com/celebrity/1298974/",
            "id": "1298974",
            "name": "阿兰·泰勒"
          }
        ],
        "year": "2015",
        "images": {
          "small": "http://img4.douban.com/view/movie_poster_cover/ipst/public/p2243966617.jpg",
          "large": "http://img4.douban.com/view/movie_poster_cover/lpst/public/p2243966617.jpg",
          "medium": "http://img4.douban.com/view/movie_poster_cover/spst/public/p2243966617.jpg"
        },
        "alt": "http://movie.douban.com/subject/3338862/",
        "id": "3338862"
      }
    },
    {
      "box": 4500000,
      "new": false,
      "rank": 7,
      "subject": {
        "rating": {
          "max": 10,
          "average": 6.5,
          "stars": "35",
          "min": 0
        },
        "genres": [
          "剧情",
          "喜剧",
          "音乐"
        ],
        "collect_count": 660,
        "casts": [
          {
            "avatars": {
              "small": "http://img3.douban.com/img/celebrity/small/47662.jpg",
              "large": "http://img3.douban.com/img/celebrity/large/47662.jpg",
              "medium": "http://img3.douban.com/img/celebrity/medium/47662.jpg"
            },
            "alt": "http://movie.douban.com/celebrity/1031224/",
            "id": "1031224",
            "name": "查宁·塔图姆"
          },
          {
            "avatars": {
              "small": "http://img3.douban.com/img/celebrity/small/33442.jpg",
              "large": "http://img3.douban.com/img/celebrity/large/33442.jpg",
              "medium": "http://img3.douban.com/img/celebrity/medium/33442.jpg"
            },
            "alt": "http://movie.douban.com/celebrity/1025059/",
            "id": "1025059",
            "name": "马特·波莫"
          },
          {
            "avatars": {
              "small": "http://img4.douban.com/img/celebrity/small/1354185885.96.jpg",
              "large": "http://img4.douban.com/img/celebrity/large/1354185885.96.jpg",
              "medium": "http://img4.douban.com/img/celebrity/medium/1354185885.96.jpg"
            },
            "alt": "http://movie.douban.com/celebrity/1013768/",
            "id": "1013768",
            "name": "乔·曼根尼罗"
          }
        ],
        "title": "魔力麦克2",
        "original_title": "Magic Mike XXL",
        "subtype": "movie",
        "directors": [
          {
            "avatars": {
              "small": "http://img3.douban.com/img/celebrity/small/1436696410.42.jpg",
              "large": "http://img3.douban.com/img/celebrity/large/1436696410.42.jpg",
              "medium": "http://img3.douban.com/img/celebrity/medium/1436696410.42.jpg"
            },
            "alt": "http://movie.douban.com/celebrity/1337366/",
            "id": "1337366",
            "name": "格里高利·雅各布"
          }
        ],
        "year": "2015",
        "images": {
          "small": "http://img4.douban.com/view/movie_poster_cover/ipst/public/p2242085629.jpg",
          "large": "http://img4.douban.com/view/movie_poster_cover/lpst/public/p2242085629.jpg",
          "medium": "http://img4.douban.com/view/movie_poster_cover/spst/public/p2242085629.jpg"
        },
        "alt": "http://movie.douban.com/subject/11541282/",
        "id": "11541282"
      }
    },
    {
      "box": 4005000,
      "new": false,
      "rank": 8,
      "subject": {
        "rating": {
          "max": 10,
          "average": 5.5,
          "stars": "30",
          "min": 0
        },
        "genres": [
          "惊悚",
          "恐怖"
        ],
        "collect_count": 50,
        "casts": [
          {
            "avatars": {
              "small": "http://img4.douban.com/img/celebrity/small/1437209846.97.jpg",
              "large": "http://img4.douban.com/img/celebrity/large/1437209846.97.jpg",
              "medium": "http://img4.douban.com/img/celebrity/medium/1437209846.97.jpg"
            },
            "alt": "http://movie.douban.com/celebrity/1247168/",
            "id": "1247168",
            "name": "卡西迪·吉福德"
          },
          {
            "avatars": {
              "small": "http://img3.douban.com/img/celebrity/small/1437210402.35.jpg",
              "large": "http://img3.douban.com/img/celebrity/large/1437210402.35.jpg",
              "medium": "http://img3.douban.com/img/celebrity/medium/1437210402.35.jpg"
            },
            "alt": "http://movie.douban.com/celebrity/1350435/",
            "id": "1350435",
            "name": "菲佛·布朗"
          },
          {
            "avatars": {
              "small": "http://img3.douban.com/img/celebrity/small/1437209542.93.jpg",
              "large": "http://img3.douban.com/img/celebrity/large/1437209542.93.jpg",
              "medium": "http://img3.douban.com/img/celebrity/medium/1437209542.93.jpg"
            },
            "alt": "http://movie.douban.com/celebrity/1350434/",
            "id": "1350434",
            "name": "瑞恩·舒斯"
          }
        ],
        "title": "绞刑架",
        "original_title": "The Gallows",
        "subtype": "movie",
        "directors": [
          {
            "avatars": {
              "small": "http://img4.douban.com/img/celebrity/small/1437211004.69.jpg",
              "large": "http://img4.douban.com/img/celebrity/large/1437211004.69.jpg",
              "medium": "http://img4.douban.com/img/celebrity/medium/1437211004.69.jpg"
            },
            "alt": "http://movie.douban.com/celebrity/1350437/",
            "id": "1350437",
            "name": "特拉维斯·克拉夫"
          },
          {
            "avatars": {
              "small": "http://img4.douban.com/img/celebrity/small/1437212086.77.jpg",
              "large": "http://img4.douban.com/img/celebrity/large/1437212086.77.jpg",
              "medium": "http://img4.douban.com/img/celebrity/medium/1437212086.77.jpg"
            },
            "alt": "http://movie.douban.com/celebrity/1350439/",
            "id": "1350439",
            "name": "克里斯·罗夫因"
          }
        ],
        "year": "2015",
        "images": {
          "small": "http://img3.douban.com/view/photo/icon/public/p2252401480.jpg",
          "large": "http://img3.douban.com/view/photo/photo/public/p2252401480.jpg",
          "medium": "http://img3.douban.com/view/photo/thumb/public/p2252401480.jpg"
        },
        "alt": "http://movie.douban.com/subject/26369714/",
        "id": "26369714"
      }
    },
    {
      "box": 2700000,
      "new": false,
      "rank": 9,
      "subject": {
        "rating": {
          "max": 10,
          "average": 6.6,
          "stars": "35",
          "min": 0
        },
        "genres": [
          "喜剧"
        ],
        "collect_count": 24529,
        "casts": [
          {
            "avatars": {
              "small": "http://img3.douban.com/img/celebrity/small/1354381657.24.jpg",
              "large": "http://img3.douban.com/img/celebrity/large/1354381657.24.jpg",
              "medium": "http://img3.douban.com/img/celebrity/medium/1354381657.24.jpg"
            },
            "alt": "http://movie.douban.com/celebrity/1041123/",
            "id": "1041123",
            "name": "塞思·麦克法兰"
          },
          {
            "avatars": {
              "small": "http://img4.douban.com/img/celebrity/small/1407766093.88.jpg",
              "large": "http://img4.douban.com/img/celebrity/large/1407766093.88.jpg",
              "medium": "http://img4.douban.com/img/celebrity/medium/1407766093.88.jpg"
            },
            "alt": "http://movie.douban.com/celebrity/1035674/",
            "id": "1035674",
            "name": "马克·沃尔伯格"
          },
          {
            "avatars": {
              "small": "http://img3.douban.com/img/celebrity/small/4902.jpg",
              "large": "http://img3.douban.com/img/celebrity/large/4902.jpg",
              "medium": "http://img3.douban.com/img/celebrity/medium/4902.jpg"
            },
            "alt": "http://movie.douban.com/celebrity/1053586/",
            "id": "1053586",
            "name": "阿曼达·塞弗里德"
          }
        ],
        "title": "泰迪熊2",
        "original_title": "Ted 2",
        "subtype": "movie",
        "directors": [
          {
            "avatars": {
              "small": "http://img3.douban.com/img/celebrity/small/1354381657.24.jpg",
              "large": "http://img3.douban.com/img/celebrity/large/1354381657.24.jpg",
              "medium": "http://img3.douban.com/img/celebrity/medium/1354381657.24.jpg"
            },
            "alt": "http://movie.douban.com/celebrity/1041123/",
            "id": "1041123",
            "name": "塞思·麦克法兰"
          }
        ],
        "year": "2015",
        "images": {
          "small": "http://img4.douban.com/view/photo/icon/public/p2251685689.jpg",
          "large": "http://img4.douban.com/view/photo/photo/public/p2251685689.jpg",
          "medium": "http://img4.douban.com/view/photo/thumb/public/p2251685689.jpg"
        },
        "alt": "http://movie.douban.com/subject/19957083/",
        "id": "19957083"
      }
    },
    {
      "box": 2489000,
      "new": true,
      "rank": 10,
      "subject": {
        "rating": {
          "max": 10,
          "average": 7.7,
          "stars": "40",
          "min": 0
        },
        "genres": [
          "剧情",
          "犯罪",
          "悬疑"
        ],
        "collect_count": 325,
        "casts": [
          {
            "avatars": {
              "small": "http://img4.douban.com/img/celebrity/small/57268.jpg",
              "large": "http://img4.douban.com/img/celebrity/large/57268.jpg",
              "medium": "http://img4.douban.com/img/celebrity/medium/57268.jpg"
            },
            "alt": "http://movie.douban.com/celebrity/1054410/",
            "id": "1054410",
            "name": "伊恩·麦克莱恩"
          },
          {
            "avatars": {
              "small": "http://img4.douban.com/img/celebrity/small/516.jpg",
              "large": "http://img4.douban.com/img/celebrity/large/516.jpg",
              "medium": "http://img4.douban.com/img/celebrity/medium/516.jpg"
            },
            "alt": "http://movie.douban.com/celebrity/1053572/",
            "id": "1053572",
            "name": "劳拉·琳妮"
          },
          {
            "avatars": {
              "small": "http://img4.douban.com/img/celebrity/small/1352971025.96.jpg",
              "large": "http://img4.douban.com/img/celebrity/large/1352971025.96.jpg",
              "medium": "http://img4.douban.com/img/celebrity/medium/1352971025.96.jpg"
            },
            "alt": "http://movie.douban.com/celebrity/1315242/",
            "id": "1315242",
            "name": "哈蒂·莫拉汉"
          }
        ],
        "title": "福尔摩斯先生",
        "original_title": "Mr. Holmes",
        "subtype": "movie",
        "directors": [
          {
            "avatars": {
              "small": "http://img3.douban.com/img/celebrity/small/42170.jpg",
              "large": "http://img3.douban.com/img/celebrity/large/42170.jpg",
              "medium": "http://img3.douban.com/img/celebrity/medium/42170.jpg"
            },
            "alt": "http://movie.douban.com/celebrity/1027245/",
            "id": "1027245",
            "name": "比尔·康顿"
          }
        ],
        "year": "2015",
        "images": {
          "small": "http://img4.douban.com/view/movie_poster_cover/ipst/public/p2226110606.jpg",
          "large": "http://img4.douban.com/view/movie_poster_cover/lpst/public/p2226110606.jpg",
          "medium": "http://img4.douban.com/view/movie_poster_cover/spst/public/p2226110606.jpg"
        },
        "alt": "http://movie.douban.com/subject/25727048/",
        "id": "25727048"
      }
    },
    {
      "box": 2425000,
      "new": true,
      "rank": 11,
      "subject": {
        "rating": {
          "max": 10,
          "average": 0,
          "stars": "00",
          "min": 0
        },
        "genres": [],
        "collect_count": 7,
        "casts": [
          {
            "avatars": {
              "small": "http://img4.douban.com/img/celebrity/small/1355291691.29.jpg",
              "large": "http://img4.douban.com/img/celebrity/large/1355291691.29.jpg",
              "medium": "http://img4.douban.com/img/celebrity/medium/1355291691.29.jpg"
            },
            "alt": "http://movie.douban.com/celebrity/1017831/",
            "id": "1017831",
            "name": "萨尔曼·汗"
          },
          {
            "avatars": {
              "small": "http://img4.douban.com/img/celebrity/small/5568.jpg",
              "large": "http://img4.douban.com/img/celebrity/large/5568.jpg",
              "medium": "http://img4.douban.com/img/celebrity/medium/5568.jpg"
            },
            "alt": "http://movie.douban.com/celebrity/1049635/",
            "id": "1049635",
            "name": "卡琳娜·卡普尔"
          },
          {
            "avatars": {
              "small": "http://img3.douban.com/img/celebrity/small/1394250184.91.jpg",
              "large": "http://img3.douban.com/img/celebrity/large/1394250184.91.jpg",
              "medium": "http://img3.douban.com/img/celebrity/medium/1394250184.91.jpg"
            },
            "alt": "http://movie.douban.com/celebrity/1313213/",
            "id": "1313213",
            "name": "纳瓦祖丁·席迪圭"
          }
        ],
        "title": "猴神老哥",
        "original_title": "Bajrangi Bhaijaan",
        "subtype": "movie",
        "directors": [
          {
            "avatars": {
              "small": "http://img3.douban.com/img/celebrity/small/57344.jpg",
              "large": "http://img3.douban.com/img/celebrity/large/57344.jpg",
              "medium": "http://img3.douban.com/img/celebrity/medium/57344.jpg"
            },
            "alt": "http://movie.douban.com/celebrity/1304615/",
            "id": "1304615",
            "name": "卡比尔·汗"
          }
        ],
        "year": "2015",
        "images": {
          "small": "http://img3.douban.com/view/movie_poster_cover/ipst/public/p2253376072.jpg",
          "large": "http://img3.douban.com/view/movie_poster_cover/lpst/public/p2253376072.jpg",
          "medium": "http://img3.douban.com/view/movie_poster_cover/spst/public/p2253376072.jpg"
        },
        "alt": "http://movie.douban.com/subject/26393561/",
        "id": "26393561"
      }
    }
  ],
  "title": "豆瓣电影北美票房榜"
}
